Alice,Male,25,Full time,Married,Phone,Academic dean
Dean,Female,35,Part time,Married,Email,Bailiff
Rachel,Male,28,Casual,Married,Email,Information processing worker
David,Female,67,Part time,Married,Phone,Meeting and convention planner
Skye,Female,24,Full time,Married,Email,Ticket taker
Alexis,Female,26,Full time,Unmarried,Email,Caulker
Kai,Male,25,Part time,Unmarried,Sms,Press relations specialist
Kai,Male,45,Full time,Unmarried,Sms,Edition binding worker
Tahlia,Female,27,Full time,Married,Email,Social and human service assistant
Rose,Male,36,Part time,Unmarried,Email,Insurance sales agent
Anthony,Female,31,Part time,Others,Phone,Dredge, excavating, and loading machine operator
Ryan,Female,42,Casual,Others,Phone,Short haul or local truck driver
Sebastian,Female,34,Casual,Married,Sms,Precision instrument and equipment repairer
Lola,Male,24,Casual,Married,Sms,Camera repairer
Matilda,Male,34,Part time,Others,Phone,Construction manager
Marcus,Male,45,Full time,Unmarried,Phone,Cargo and freight agent
Edward,Male,45,Part time,Others,Phone,Braille clerk
Jayden,Male,53,Full time,Married,Phone,Aircraft cargo handling supervisor
Layla,Female,44,Full time,Married,Email,Electrical inspector
Lucas,Male,43,Casual,Married,Phone,Nannie
Mackenzie,Male,35,Full time,Married,Email,Art director
Summer,Male,27,Casual,Married,Phone,Reservation and transportation travel clerk
Sophia,Male,42,Casual,Unmarried,Email,Health information manager
Dakota,Female,34,Full time,Unmarried,Email,Civil drafter
Julian,Male,21,Part time,Married,Email,Electromechanical equipment assembler
Harrison,Male,26,Casual,Married,Email,Computer operator
Holly,Female,27,Full time,Unmarried,Email,Automotive mechanic
Alexis,Female,29,Full time,Married,Phone,Passenger booking clerk
Brayden,Female,34,Full time,Others,Phone,Social and human service assistant
Jonathan,Male,41,Full time,Unmarried,Email,Judiciary interpreter
Lauren,Male,27,Part time,Unmarried,Sms,Palliative care nurse
Alyssa,Female,34,Part time,Unmarried,Email,Water conservationist
Brooke,Female,42,Casual,Married,Phone,Housekeeper
Bethany,Female,34,Part time,Married,Phone,Surgical technologist
Edward,Male,34,Casual,Married,Phone,Plating and coating machine operator
Claudia,Male,26,Full time,Unmarried,Phone,Attendance clerk
Bethany,Male,42,Full time,Unmarried,Email,Policeman
Jack,Male,26,Casual,Others,Sms,Histology technician
Chloe,Male,35,Full time,Others,Email,Homemaker
Aidan,Male,27,Part time,Others,Phone,Biological-physical anthropologist
Jorja,Male,42,Full time,Unmarried,Phone,Employee development specialist
Kai,Male,34,Casual,Unmarried,Phone,Automotive air-conditioning repairer
Madeline,Female,21,Part time,Unmarried,Email,Groomer
Adam,Male,26,Casual,Unmarried,Phone,Navy
Kayla,Female,27,Full time,Married,Sms,Promotions specialist
Alyssa,Female,29,Casual,Married,Email,Aeronautical drafter
Angelina,Female,34,Part time,Others,Email,County court judge
Emma,Female,41,Part time,Others,Email,Creative writer
Taylah,Female,27,Part time,Others,Sms,Electrocardiograph (EKG) technician
Aaron,Male,34,Full time,Married,Sms,Tour escort
Mariam,Female,42,Casual,Unmarried,Phone,Public relations consultant
Brooke,Female,34,Full time,Unmarried,Email,Hearing therapist
Logan,Female,34,Full time,Married,Sms,Public relations manager
Ruby,Male,26,Part time,Others,Phone,Audio and video equipment operator
Levi,Female,42,Casual,Married,Email,Physical therapist aide
Alica,Female,26,Part time,Married,Phone,Interviewer
Amy,Female,35,Casual,Married,Phone,Loan service clerk
Jai,Female,27,Casual,Unmarried,Email,Underwriter
Evie,Female,25,Part time,Unmarried,Email,Cutting and slicing machine operator
Mia,Female,35,Casual,Unmarried,Email,Executive editor
Summer,Female,28,Part time,Unmarried,Email,Timekeeper
Eve,Male,67,Part time,Others,Phone,Administrative support manager
Jordan,Female,24,Full time,Married,Phone,Dental surgeon
Sarah,Male,26,Full time,Married,Phone,Diesel engine specialist
Julian,Female,25,Part time,Unmarried,Email,Mason
Stella,Female,45,Full time,Unmarried,Phone,Electronic transcriber
Callum,Female,27,Full time,Unmarried,Email,Food batchmaker
Julian,Male,36,Part time,Unmarried,Sms,Support service manager
Amber,Female,31,Casual,Others,Email,Mine cutting and channeling machine operator
Rachel,Female,42,Full time,Others,Email,Playwright
Joshua,Male,34,Part time,Married,Email,Pilot
Emily,Male,24,Casual,Unmarried,Phone,Transportation ticket agent
Tyson,Male,34,Casual,Others,Email,Real estate broker
Amber,Male,45,Casual,Married,Phone,Loss prevention agent
Ruby,Male,45,Casual,Married,Email,Computer chip processor
Nathan,Female,53,Full time,Unmarried,Email,Dance captain
Keira,Male,44,Part time,Unmarried,Email,Electrotyper
Zara,Female,43,Casual,Unmarried,Phone,Developmental disabilities nurse
Kayla,Female,24,Casual,Unmarried,Phone,Architectural drafter
Gabriella,Female,32,Casual,Married,Sms,Soil scientist
Callum,Male,41,Casual,Others,Phone,Photographic process worker
Benjamin,Male,63,Full time,Married,Phone,Telemarketer
Hayley,Female,24,Casual,Unmarried,Sms,Server
Hunter,Male,41,Full time,Married,Phone,Environmental engineer
Levi,Female,34,Casual,Unmarried,Email,Localization translator
Audrey,Female,32,Casual,Unmarried,Phone,Medical equipment repairer
Summer,Female,30,Casual,Others,Phone,Business management analyst
George,Male,29,Casual,Married,Email,Construction manager
Grace,Male,28,Casual,Married,Email,Electrical engineer
Riley,Male,25,Full time,Married,Sms,Entomologist
Indiana,Male,26,Part time,Unmarried,Phone,Executive administrator
Eden,Male,46,Full time,Others,Email,Mobile heavy equipment mechanic
Dakota,Female,35,Part time,Others,Phone,Hairstylist
Lola,Male,33,Casual,Others,Email,Babysitter
Tristan,Male,26,Part time,Married,Sms,Slot key person
Callum,Male,42,Part time,Married,Sms,Dredge, excavating, and loading machine operator
Elijah,Male,23,Casual,Married,Email,Personal attendant
Alana,Female,25,Casual,Married,Phone,Letterpress setter
Lilian,Male,47,Full time,Unmarried,Phone,College counselor
Claudia,Male,25,Casual,Others,Phone,Personnel administrator
Finn,Female,35,Full time,Others,Email,Cost accountant
Zac,Female,28,Casual,Married,Phone,Industrial engineering technician
Harrison,Female,67,Full time,Others,Phone,Financial economist
Oliver,Male,24,Full time,Married,Email,Account collector
Harry,Male,26,Casual,Unmarried,Phone,Computer-controlled machine tool operator
Abigail,Female,25,Full time,Unmarried,Email,Scrub
Seth,Female,45,Part time,Unmarried,Phone,Ophthalmic laboratory technician
Justin,Female,27,Full time,Unmarried,Sms,Employee development specialist
Brayden,Male,36,Part time,Married,Email,Detective
Mariam,Male,31,Part time,Married,Email,Biomedical engineer
Alice,Male,42,Casual,Others,Email,Aerospace engineering and operations technician
James,Male,34,Full time,Unmarried,Sms,Paramedic
Lily,Male,24,Part time,Others,Email,Radio operator
Claudia,Male,34,Part time,Unmarried,Email,Gas plant operator
Hannah,Male,45,Part time,Unmarried,Phone,Science technician
Alica,Male,45,Casual,Unmarried,Email,Agricultural and food science technician
Logan,Female,53,Full time,Unmarried,Email,Dishwasher
Zara,Male,44,Full time,Unmarried,Phone,Typographer
Spencer,Female,43,Casual,Married,Phone,Cable line installer
Jessica,Female,35,Full time,Married,Sms,Cardiac sonographer
Sebastian,Female,27,Full time,Married,Email,Animal scientist
Chloe,Female,42,Casual,Unmarried,Phone,Mail carrier
Hunter,Female,34,Casual,Others,Email,Library clerk
Rory,Male,21,Full time,Married,Phone,Extruding and forming machine operator
Kate,Female,26,Part time,Unmarried,Phone,Dishwasher
Mia,Female,27,Full time,Unmarried,Email,Identification clerk
Timothy,Female,29,Full time,Married,Email,Floor finisher
Savannah,Male,34,Full time,Married,Sms,Sprinklerfitter
Natasha,Female,41,Full time,Married,Phone,Brattice builder
Noah,Female,27,Casual,Others,Email,Construction job cost estimator
Gabriella,Female,34,Casual,Others,Email,Buyer
Scarlett,Female,42,Full time,Others,Sms,Hand sewer
Poppy,Female,34,Full time,Unmarried,Email,Billing machine operator
Samuel,Female,34,Casual,Unmarried,Phone,ATF agent
Isla,Female,26,Casual,Married,Email,Chemical technician
Grace,Male,42,Part time,Unmarried,Sms,Personal secretary
Jordan,Female,26,Part time,Unmarried,Phone,Construction mechanic
Jamie,Male,35,Casual,Married,Email,Geotechnical engineer
Angelina,Female,27,Full time,Unmarried,Email,Esthetician
Sarah,Female,42,Part time,Unmarried,Phone,Astronomer
Joseph,Female,34,Part time,Others,Phone,Manifold binding worker
Cody,Male,21,Full time,Married,Phone,Power plant mechanic
Ali,Female,26,Casual,Married,Email,Agricultural laborer
Ruby,Female,27,Full time,Married,Email,Billing machine operator
Amy,Male,29,Casual,Married,Email,Desktop publisher
Isla,Male,34,Casual,Married,Email,Librarian
Jack,Male,41,Full time,Unmarried,Email,Safety technician
Hugo,Male,27,Part time,Unmarried,Sms,Letterpress setter
Jasmine,Male,34,Part time,Unmarried,Phone,Legislator
Hudson,Female,42,Full time,Married,Sms,Automotive air-conditioning repairer
Caleb,Male,34,Part time,Unmarried,Email,Health care translator
Grace,Female,34,Full time,Others,Email,Detective
Olivia,Female,26,Casual,Others,Sms,Social psychologist
Joshua,Female,42,Part time,Married,Sms,Publicity expert
Abigail,Male,26,Full time,Married,Sms,Technical trainer
Toby,Male,35,Full time,Others,Email,Artist
Lachlan,Female,27,Casual,Unmarried,Email,Sports trainer
Rory,Male,25,Full time,Others,Phone,Real-time captioner
Natasha,Female,35,Casual,Married,Phone,Safety and health practitioner
Kate,Female,28,Casual,Married,Email,Full-charge bookkeeper
Eliza,Female,67,Casual,Married,Phone,Repairer
Zachary,Male,24,Part time,Married,Phone,Elevator installer
Ellie,Male,26,Casual,Married,Email,Cargo and freight agent
Mackenzie,Male,25,Casual,Unmarried,Phone,Physical metallurgical engineer
Sarah,Male,45,Full time,Unmarried,Phone,Licensed vocational nurse
Ben,Male,27,Part time,Married,Sms,Anthropologist
Hunter,Female,36,Part time,Married,Sms,Word processor
Daniel,Male,31,Casual,Unmarried,Phone,Cytotechnologist
Lucinda,Male,42,Part time,Married,Email,Sound engineering technician
Hayden,Male,34,Part time,Others,Sms,Medical social worker
Madison,Male,24,Part time,Unmarried,Sms,Private household cook
Gabriel,Female,34,Full time,Unmarried,Sms,Reservation agent
Eve,Male,45,Full time,Unmarried,Phone,Data entry keyer
Luca,Male,45,Full time,Married,Sms,Aircraft structure assembler
Ryder,Female,53,Full time,Married,Phone,Perianesthesia nurse
Jake,Female,44,Casual,Married,Phone,Claims examiner
James,Female,43,Full time,Unmarried,Email,Gaming services
Ashley,Male,24,Full time,Unmarried,Phone,Employee welfare manager
Phoebe,Male,32,Part time,Others,Email,Licensed clinical social worker
Connor,Female,41,Full time,Others,Phone,Order processor
Sarah,Female,63,Part time,Others,Sms,Promotions manager
Rose,Female,24,Casual,Unmarried,Email,Dispensing optician
Ryan,Male,41,Casual,Unmarried,Email,Clerical worker supervisor
Georgia,Male,34,Full time,Unmarried,Email,Industrial relations director
Nathan,Male,32,Full time,Unmarried,Sms,Training and development manager
Lauren,Male,30,Full time,Married,Sms,Surveillance agent
Ashley,Male,29,Casual,Married,Sms,Information systems manager
Evie,Male,28,Full time,Others,Sms,Cutting machine operator
Rebecca,Male,25,Casual,Others,Sms,Licensed practical nurse
Alex,Male,26,Casual,Others,Email,Surfacing equipment operator
Lucas,Female,46,Casual,Married,Sms,Maintenance and repair worker
Jorja,Male,35,Part time,Unmarried,Phone,Cashier
Jai,Female,33,Casual,Unmarried,Email,X-ray technician
Gabriel,Female,26,Casual,Married,Email,Quality control inspector
Joshua,Female,42,Casual,Others,Sms,Radio and telecommunications equipment installer
Alyssa,Female,23,Full time,Married,Phone,Magistrate
Gabriel,Female,25,Full time,Married,Sms,Financial analyst
Jeremy,Male,47,Part time,Married,Email,Composing machine operator
Amy,Female,25,Casual,Unmarried,Phone,Childcare worker
Seth,Female,35,Casual,Unmarried,Email,Water and wastewater treatment plant and system operator
Caitlyn,Female,28,Full time,Unmarried,Phone,Power dispatcher
Levi,Male,67,Casual,Unmarried,Email,Keypunch operator
Poppy,Female,24,Part time,Others,Email,Professor
Lauren,Female,26,Part time,Married,Phone,Machine offbearer
Olivia,Female,25,Casual,Married,Sms,Toolmaker
Tyler,Female,45,Casual,Unmarried,Email,Inside order clerk
Abby,Female,27,Full time,Unmarried,Phone,Medical social worker
Amelia,Female,36,Casual,Unmarried,Email,Armored car guard
Amelia,Female,31,Casual,Unmarried,Email,Astronautical engineer
Zane,Male,42,Casual,Others,Phone,Author
Henry,Female,25,Full time,Others,Phone,Communications specialist
Gemma,Male,35,Casual,Married,Email,Water transportation mate
Spencer,Female,28,Full time,Unmarried,Phone,Middle school teacher
Isabelle,Female,67,Casual,Others,Sms,Finisher
Joseph,Female,24,Full time,Married,Sms,Stock trader
Jessica,Male,26,Casual,Married,Sms,Office aide
Lucinda,Female,25,Casual,Unmarried,Sms,Drafter
Audrey,Female,45,Full time,Unmarried,Email,Locker room attendant
Charlie,Male,27,Part time,Unmarried,Phone,Hunter
Jeremy,Male,36,Full time,Unmarried,Email,Chairperson of the board
Sara,Male,31,Full time,Married,Email,Emergency management specialist
Isaac,Male,42,Full time,Others,Sms,Window clerk
Harrison,Male,34,Part time,Married,Phone,Construction cost estimator
Natalie,Female,24,Part time,Unmarried,Phone,City planner
Makayla,Male,34,Casual,Married,Phone,Air-conditioning mechanic
Alexander,Female,45,Casual,Unmarried,Phone,Cardiographic technician
Spencer,Female,45,Part time,Unmarried,Phone,Corporate investigator
Hayden,Female,53,Full time,Others,Email,Tree pruner
Charles,Male,44,Part time,Married,Phone,Graphic artist
David,Male,43,Full time,Married,Phone,Teaching assistant
Isaac,Female,35,Full time,Married,Email,Flight attendant
Lucas,Male,27,Casual,Unmarried,Email,Assignment editor
Jake,Female,42,Part time,Others,Phone,Composer
Ashley,Female,34,Part time,Others,Phone,Nurse
Edward,Female,21,Part time,Others,Phone,Vocational education teacher
Stella,Male,26,Casual,Married,Sms,Maitre d
Sophia,Male,27,Part time,Married,Phone,Ambulance dispatcher
Kate,Male,29,Part time,Married,Sms,Occupational health and safety inspector
Elijah,Male,34,Part time,Married,Email,Front desk receptionist
Eden,Male,41,Full time,Unmarried,Phone,Member services counselor
Declan,Female,27,Casual,Others,Phone,Publicity expert
Jai,Male,34,Part time,Others,Phone,Gastroenterology nurse
Lola,Male,42,Part time,Married,Phone,Electrical line worker
Liam,Male,34,Part time,Others,Email,Embalmer
Harry,Male,34,Part time,Married,Phone,Instructional coordinator
Jasmine,Female,26,Full time,Unmarried,Sms,Production assistant
Ella,Male,42,Casual,Unmarried,Phone,Applied mathematician
Nicholas,Male,26,Full time,Unmarried,Email,Engineering and natural sciences manager
Tahlia,Female,35,Part time,Unmarried,Phone,Mail superintendent
Edward,Female,27,Part time,Married,Email,Unclaimed property officer
Ali,Female,42,Casual,Married,Sms,Explosives worker
Ethan,Male,34,Full time,Others,Sms,Neuropsychologist
Archie,Male,21,Full time,Unmarried,Sms,Sports book runner
Riley,Female,26,Full time,Others,Sms,Computer database administrator
Leah,Female,27,Part time,Unmarried,Email,Food batchmaker
Sam,Female,29,Casual,Unmarried,Phone,Bartender helper
Ruby,Male,34,Part time,Unmarried,Email,Payroll and timekeeping clerk
Lucas,Male,41,Part time,Unmarried,Email,Telecommunications service technician
Samuel,Male,27,Part time,Unmarried,Email,Audio-visual collections specialist
Harry,Male,34,Part time,Married,Phone,General manager
Taj,Male,42,Part time,Married,Email,Timekeeping clerk
Samantha,Male,34,Full time,Married,Phone,Medical translator
Sienna,Male,34,Casual,Unmarried,Phone,Driver-sales worker
Ebony,Male,26,Casual,Others,Email,Training consultant
Flynn,Female,42,Part time,Married,Sms,Sauce cook
Natasha,Male,26,Full time,Unmarried,Phone,Cryptanalyst
Flynn,Female,35,Full time,Unmarried,Email,Ophthalmic medical assistant
Jasmine,Female,27,Casual,Married,Phone,Fork lift driver
Beau,Female,25,Casual,Married,Phone,Crop farm manager
Emily,Female,35,Casual,Married,Email,Electrical inspector
Lilian,Female,28,Full time,Others,Sms,Manicurist
James,Male,67,Casual,Others,Email,Restaurant chef
Tyson,Female,24,Part time,Others,Sms,Professor
Kiara,Female,26,Part time,Unmarried,Phone,Computer training specialist
Mitchell,Female,25,Full time,Unmarried,Phone,Marble setter
Jordan,Male,45,Part time,Married,Sms,Recruitment manager
Cooper,Female,27,Full time,Unmarried,Email,Elevator repairer
Rachel,Female,36,Casual,Unmarried,Phone,Dental laboratory technician
Daniel,Female,31,Part time,Married,Email,Registered nurse
Zachary,Female,42,Full time,Unmarried,Email,Coil finisher
Dylan,Female,34,Part time,Unmarried,Phone,Cafeteria cook
Lucy,Female,24,Full time,Others,Sms,Railroad brake, signal, and switch operator
Sarah,Female,34,Casual,Married,Email,Clinical laboratory technician
Jamie,Male,45,Casual,Married,Email,Macroeconomist
Archer,Female,45,Full time,Married,Phone,Fund manager
Alexandra,Male,53,Part time,Married,Email,Real estate broker
Isaac,Female,44,Casual,Married,Sms,Public affairs specialist
Gabriella,Female,43,Full time,Unmarried,Sms,Oral and maxillofacial radiologist
Alexis,Female,24,Part time,Unmarried,Phone,Human resources recruiter
Abbey,Male,32,Full time,Unmarried,Phone,Medical secretary
Madeleine,Female,41,Full time,Married,Email,Lift truck operator
Zachary,Female,63,Part time,Unmarried,Sms,Home health aide
Bianca,Male,24,Part time,Others,Email,Crane and tower operator
Kayla,Male,41,Casual,Others,Sms,Writer
Marcus,Male,34,Casual,Married,Sms,Promoter
Charlie,Male,32,Casual,Married,Sms,Occupational analyst
Aiden,Male,30,Part time,Others,Sms,Clothing designer
Jaxon,Female,29,Full time,Unmarried,Sms,Payroll representative
Maddison,Male,28,Part time,Others,Sms,Video camera operator
Amelie,Female,25,Part time,Married,Phone,Data entry keyer
Ali,Female,26,Part time,Married,Phone,Gerontology aide
Alana,Female,46,Full time,Married,Phone,Law clerk
Lucas,Male,35,Full time,Married,Sms,Pathologist
Jaxon,Male,33,Part time,Married,Email,Organic chemist
George,Female,26,Part time,Unmarried,Email,Range conservationist
Isabel,Male,42,Full time,Unmarried,Email,Cab driver
Toby,Female,23,Part time,Married,Email,Hand compositor
Alex,Female,25,Full time,Married,Email,Farm equipment mechanic
Alicia,Female,47,Part time,Unmarried,Phone,Construction electrician
Sam,Male,25,Full time,Married,Sms,Truck dispatcher
Michael,Male,35,Full time,Others,Phone,Parts salesperson
Zachary,Male,28,Casual,Unmarried,Phone,Benefits director
Lola,Male,67,Full time,Unmarried,Email,Occupational social worker
Timothy,Male,24,Casual,Unmarried,Phone,Tire repairer
Harry,Female,26,Full time,Married,Sms,Neuroscience nurse
Ellie,Male,25,Casual,Married,Phone,Brace maker
Sam,Male,45,Casual,Married,Email,Broker associate
Mitchell,Male,27,Full time,Unmarried,Phone,Applied mathematician
Hudson,Male,36,Full time,Unmarried,Sms,Show host
Charli,Female,31,Full time,Others,Email,Gemologist
Christian,Male,42,Part time,Others,Email,Data entry keyer
Dean,Male,34,Full time,Others,Email,Caulker
Katie,Female,24,Casual,Unmarried,Phone,Army
Austin,Female,34,Part time,Unmarried,Email,Employee development specialist
Sofia,Female,45,Part time,Unmarried,Phone,Gynecologist
Jaxon,Male,45,Casual,Unmarried,Email,Passenger service agent
Mackenzie,Male,53,Casual,Married,Email,Technical writer
Charles,Female,44,Part time,Married,Phone,Secondary school teacher
Mitchell,Female,43,Part time,Others,Sms,Travel agent
Paige,Female,35,Full time,Others,Sms,Optical goods worker
Grace,Male,27,Casual,Others,Sms,Counselor
Michael,Male,42,Part time,Married,Sms,Surveying technician
Ella,Male,34,Casual,Unmarried,Phone,Social work planner
Cameron,Male,21,Casual,Unmarried,Sms,Shoe and leather repairer
Caitlyn,Male,26,Casual,Married,Sms,Crane and tower operator
Brianna,Male,27,Casual,Others,Sms,Cost/investment recovery technician
Lily,Male,29,Part time,Married,Sms,Army
Lincoln,Male,34,Full time,Married,Phone,Dental laboratory technician
Jesse,Female,41,Part time,Married,Sms,Petroleum pump system operator
Jamie,Male,27,Casual,Unmarried,Email,Microchip processor
Charlotte,Female,34,Casual,Unmarried,Phone,Special education teacher
Brooke,Female,42,Casual,Unmarried,Phone,Archaeologist
Brodie,Female,34,Part time,Unmarried,Email,Job estimator
Amber,Female,34,Casual,Others,Phone,Literary interpreter
Sara,Female,26,Casual,Married,Email,Wealth manager
Charlotte,Male,42,Full time,Married,Phone,Welding machine operator
Nate,Female,26,Casual,Unmarried,Email,Contract manager
Dean,Female,35,Part time,Unmarried,Phone,Risk manager
Skye,Female,27,Casual,Unmarried,Sms,Public affairs specialist
Jasper,Male,42,Part time,Unmarried,Email,PBX repairer
Zac,Female,34,Full time,Others,Sms,Forensic technician
Jake,Female,21,Part time,Others,Sms,Street vendor
Sarah,Female,26,Full time,Married,Sms,Inside wire installer
Liam,Female,27,Part time,Unmarried,Email,Pumping station operator
Dominic,Female,29,Part time,Others,Phone,Safety and health practitioner
Emily,Female,34,Full time,Married,Phone,Dressmaker
Elizabeth,Female,41,Full time,Married,Phone,Environmental meteorologist
Alana,Male,27,Full time,Unmarried,Phone,Radio and telecommunications equipment repairer
Brooke,Female,34,Part time,Unmarried,Phone,Security and fire alarm systems installer
Jack,Male,42,Part time,Unmarried,Sms,Bailiff
Jesse,Female,34,Casual,Unmarried,Sms,Fitness trainer
Lucinda,Female,34,Part time,Married,Sms,Echocardiographer
Alexis,Female,26,Casual,Others,Phone,Chief executive
Jessica,Male,42,Casual,Married,Sms,Organic chemist
Jorja,Female,26,Full time,Unmarried,Email,Support specialist
Sara,Female,35,Part time,Married,Email,Armored car guard
Callum,Male,27,Full time,Unmarried,Email,Pumping station operator
Stephanie,Male,25,Casual,Unmarried,Phone,Nurse aide
Madison,Male,35,Part time,Others,Phone,Foreign language translator
Taj,Male,28,Casual,Married,Email,Announcer
Lara,Male,67,Full time,Married,Phone,Railroad conductor
Jeremy,Female,24,Casual,Married,Email,Advertising sales agent
Archer,Male,26,Casual,Unmarried,Email,Technical sales manager
Lachlan,Female,25,Casual,Others,Phone,Extruding, forming, pressing, and compacting machine tender
Alex,Female,45,Part time,Others,Phone,Diesel mechanic
Cody,Female,27,Full time,Others,Email,Cage cashier
Imogen,Male,36,Casual,Married,Phone,Commercial loan officer
Lincoln,Male,31,Casual,Married,Email,Electronic transcriber
Zac,Female,42,Full time,Married,Email,Tax accountant
Luke,Male,34,Full time,Married,Email,Loan clerk
Piper,Female,24,Casual,Unmarried,Email,Medical records and health information technician
Mackenzie,Female,34,Part time,Others,Phone,Cable line installer
Thomas,Female,45,Full time,Others,Phone,Ticket taker
Stephanie,Male,45,Casual,Married,Email,Organizational development manager
Caitlin,Male,53,Part time,Others,Email,Lease driver
Flynn,Male,44,Casual,Married,Sms,Physiologist
Stephanie,Male,43,Full time,Unmarried,Sms,Tire builder
Alexis,Male,24,Casual,Unmarried,Phone,Colorist
Alyssa,Female,32,Part time,Unmarried,Email,International economist
Samuel,Male,41,Part time,Unmarried,Email,Sportscaster
Alice,Male,63,Part time,Married,Sms,Training coordinator
Lucinda,Male,24,Full time,Married,Sms,Printmaker
Alana,Male,41,Full time,Others,Phone,Apartment rental agent
Ashley,Female,34,Casual,Unmarried,Phone,Forest and conservation worker
Amelia,Male,32,Casual,Others,Email,Employment coordinator
Anthony,Male,30,Full time,Unmarried,Phone,Molding, coremaking, and casting machine tender
Amber,Female,29,Part time,Unmarried,Phone,Payroll and timekeeping clerk
Julian,Female,28,Casual,Unmarried,Sms,Zoologist
Maddison,Female,25,Full time,Unmarried,Sms,Travel counselor
Xavier,Male,26,Casual,Unmarried,Phone,Operations director
Katie,Male,46,Full time,Married,Phone,Emergency physician
Claudia,Female,35,Part time,Married,Sms,Field technician
Luca,Female,33,Full time,Married,Sms,Pedicurist
Charli,Female,26,Part time,Unmarried,Email,Tax examiner
Sean,Male,42,Part time,Others,Phone,Executive administrative assistant
Beau,Male,23,Casual,Married,Phone,Social and human service assistant
Isabelle,Male,25,Part time,Unmarried,Phone,Central office installer
Isabella,Male,47,Part time,Unmarried,Phone,Diesel service technician
Seth,Male,25,Full time,Married,Sms,Speech-language pathologist
Daniel,Male,35,Part time,Married,Sms,Footwear and accessory designer
Georgia,Male,28,Casual,Married,Sms,Technical recruiter
Thomas,Male,67,Full time,Others,Sms,Electrical line worker
Taylah,Female,24,Casual,Others,Email,Physical oceanographer
Alana,Male,26,Part time,Others,Phone,Cabinetmaker
Caitlin,Female,25,Part time,Unmarried,Phone,Occupational health and safety technician
Caleb,Female,45,Full time,Unmarried,Email,Light truck driver
Nicholas,Female,27,Part time,Married,Sms,Nutritionist
Jonathan,Female,36,Part time,Unmarried,Phone,Copy writer
Alexis,Female,31,Part time,Unmarried,Email,Digital image processor
Adam,Male,42,Casual,Married,Email,Personnel assistant
Caitlin,Female,25,Full time,Unmarried,Phone,Physicist
Matthew,Female,35,Part time,Unmarried,Phone,Ambulance dispatcher
Leah,Female,28,Casual,Others,Sms,Public health dietitian
Summer,Male,67,Full time,Married,Sms,Heavy-duty truck mechanic
Levi,Female,24,Part time,Married,Email,Mortgage banker
Alannah,Female,26,Part time,Married,Phone,Directory assistance operator
Madeleine,Female,25,Full time,Married,Sms,Fry cook
Austin,Female,45,Casual,Married,Phone,Host
Eliza,Female,27,Full time,Unmarried,Phone,School bus driver
Jesse,Female,36,Part time,Unmarried,Email,Sales worker driver
Luca,Female,31,Casual,Unmarried,Email,Bindery machine tender
Lauren,Male,42,Casual,Married,Phone,Nursery worker
Jackson,Female,34,Full time,Unmarried,Sms,Power reactor operator
Ashley,Male,24,Full time,Others,Sms,Vocational counselor
Abbey,Female,34,Casual,Others,Sms,Recreation worker
Sam,Female,45,Part time,Married,Sms,General office clerk
Stephanie,Female,45,Casual,Married,Email,Policeman
Chelsea,Male,53,Full time,Others,Email,Sales manager
Jai,Female,44,Part time,Unmarried,Email,Bookbinder
Samantha,Female,43,Part time,Others,Email,Crushing, grinding, and polishing machine tender
Natalie,Male,35,Part time,Married,Sms,Veterinarian
Eve,Male,27,Casual,Married,Email,Agricultural and food science technician
Eva,Male,42,Part time,Married,Phone,Carpet, floor, and tile finisher
Rose,Male,34,Part time,Married,Email,Occupational health and safety inspector
Lara,Male,21,Part time,Married,Phone,Passenger service agent
Eve,Female,26,Casual,Unmarried,Email,Merchant marine sailor
Samuel,Male,27,Casual,Unmarried,Email,Certified respiratory therapist
Aidan,Female,29,Casual,Married,Phone,Graduate teaching assistant
Hudson,Female,34,Casual,Married,Sms,Groundskeeping worker
Poppy,Female,41,Casual,Unmarried,Phone,News anchor
Lachlan,Male,27,Full time,Married,Sms,Lithographer
Levi,Male,34,Casual,Married,Phone,Boatswain
Sarah,Female,42,Full time,Married,Email,Social scientist
Mackenzie,Male,34,Part time,Married,Sms,Lift truck operator
Michael,Female,34,Part time,Married,Sms,Engine and other machine assembler
Sienna,Female,26,Casual,Unmarried,Sms,Eligibility interviewer
Brooke,Female,42,Part time,Unmarried,Phone,Gas compressor and gas pumping station operator
Gabriel,Male,26,Part time,Unmarried,Sms,Clinical chemistry technologist
Caitlyn,Male,35,Casual,Married,Phone,Claims appraiser
Evie,Male,27,Full time,Unmarried,Phone,Tour guide
Brayden,Male,42,Part time,Others,Phone,Marble setter
Jackson,Male,34,Part time,Others,Phone,Archivist
Abby,Female,21,Full time,Married,Sms,Travel clerk
Ryder,Male,26,Part time,Married,Phone,Banquet manager
Oscar,Male,27,Casual,Others,Email,Training specialist
Cody,Male,29,Part time,Unmarried,Email,Administrative specialist
Tayla,Male,34,Part time,Others,Phone,Synoptic meteorologist
Jackson,Female,41,Casual,Married,Email,President
Hayden,Male,27,Casual,Married,Email,Mortgage banker
Amelia,Male,34,Part time,Married,Email,Cardiologist
Summer,Female,42,Casual,Married,Email,Civil engineer
Isabel,Female,34,Casual,Married,Sms,Operational meteorologist
Amelia,Female,34,Casual,Unmarried,Phone,Boilermaker
Flynn,Male,26,Casual,Unmarried,Email,Oral pathologist
Brayden,Male,42,Full time,Married,Sms,Probation officer
Ben,Female,26,Full time,Married,Phone,Sociocultural anthropologist
Poppy,Female,35,Part time,Unmarried,Sms,Engraver set-up operator
Alyssa,Female,27,Part time,Married,Phone,Microbiology technologist
James,Male,25,Part time,Others,Sms,Statistical assistant
Owen,Male,35,Full time,Unmarried,Email,Clerical worker supervisor
Emma,Male,28,Full time,Unmarried,Sms,Ticket taker
Hunter,Male,67,Full time,Unmarried,Email,Speech-language pathologist
Jai,Male,24,Casual,Married,Sms,Television camera operator
Sarah,Male,26,Full time,Married,Sms,Gaming and sports runner
Stella,Male,25,Casual,Married,Email,Construction electrician
Owen,Male,45,Full time,Unmarried,Email,Art director
Scarlett,Female,27,Part time,Unmarried,Phone,Sampler
Amelie,Male,36,Part time,Others,Email,Oral radiologist
Skye,Female,31,Part time,Others,Sms,Home inspector
Mackenzie,Female,42,Casual,Others,Email,Judiciary interpreter
Sarah,Female,34,Casual,Unmarried,Email,Operations research analyst
Ebony,Female,24,Casual,Unmarried,Phone,English as a second language teacher
Molly,Female,34,Part time,Unmarried,Sms,Quality control technician
Patrick,Male,45,Full time,Unmarried,Email,Industrial-organizational psychologist
Brock,Female,45,Part time,Married,Phone,Immunohematology technologist
Emma,Female,53,Full time,Married,Email,Biophysicist
Jordan,Female,44,Part time,Others,Email,Air traffic controller
Harrison,Male,43,Part time,Others,Sms,Housing relocator
Justin,Female,24,Part time,Others,Email,Segmental paver
Christopher,Male,32,Part time,Married,Email,Caulker
